{"cameraMode":{"drawMode":0,"name":"Shaded","section":"Shading Mode"},"sceneLighting":false,"audioPlay":false,"sceneViewState":{"showFog":true,"showMaterialUpdate":false,"showSkybox":false,"showFlares":true,"showImageEffects":true,"showParticleSystems":true},"in2DMode":false,"pivot":{"x":5.940000057220459,"y":0.7999999523162842,"z":0.0},"rotation":{"x":0.08477475494146347,"y":0.022412888705730439,"z":-0.0019168767612427474,"w":0.9961561560630798},"size":2.598076105117798,"orthographic":false}